State,Label (Grouping),SEX AND AGE!!Total population,SEX AND AGE!!Total population!!Male,SEX AND AGE!!Total population!!Female,SEX AND AGE!!Total population!!18 years and over,SEX AND AGE!!Total population!!18 years and over!!Male,SEX AND AGE!!Total population!!18 years and over!!Female,EDUCATIONAL ATTAINMENT!!Population 25 years and over,EDUCATIONAL ATTAINMENT!!Population 25 years and over!!High school graduate or higher,"EDUCATIONAL ATTAINMENT!!Population 25 years and over!!High school graduate or higher!!Male, high school graduate or higher","EDUCATIONAL ATTAINMENT!!Population 25 years and over!!High school graduate or higher!!Female, high school graduate or higher",VETERAN STATUS!!Civilian population 18 years and over,VETERAN STATUS!!Civilian population 18 years and over!!Civilian veteran,EMPLOYMENT STATUS!!Population 16 years and over,EMPLOYMENT STATUS!!Population 16 years and over!!In labor force,EMPLOYMENT STATUS!!Population 16 years and over!!In labor force!!Civilian labor force,EMPLOYMENT STATUS!!Population 16 years and over!!In labor force!!Civilian labor force!!Employed,EMPLOYMENT STATUS!!Population 16 years and over!!In labor force!!Civilian labor force!!Unemployed,EMPLOYMENT STATUS!!Population 16 years and over!!In labor force!!Civilian labor force!!Unemployed!!Unemployment Rate,EMPLOYMENT STATUS!!Population 16 years and over!!In labor force!!Armed Forces,EMPLOYMENT STATUS!!Population 16 years and over!!Not in labor force,COMMUTING TO WORK!!Workers 16 years and over,"COMMUTING TO WORK!!Workers 16 years and over!!Car, truck, or van - drove alone","COMMUTING TO WORK!!Workers 16 years and over!!Car, truck, or van - carpooled",COMMUTING TO WORK!!Workers 16 years and over!!Public transportation (excluding taxicab),COMMUTING TO WORK!!Workers 16 years and over!!Walked,COMMUTING TO WORK!!Workers 16 years and over!!Other means,COMMUTING TO WORK!!Workers 16 years and over!!Worked from home,COMMUTING TO WORK!!Workers 16 years and over!!Mean travel time to work (minutes),INCOME IN THE PAST 12 MONTHS (IN 2022 INFLATION-ADJUSTED DOLLARS)!!Households,INCOME IN THE PAST 12 MONTHS (IN 2022 INFLATION-ADJUSTED DOLLARS)!!Households!!Median household income (dollars),INCOME IN THE PAST 12 MONTHS (IN 2022 INFLATION-ADJUSTED DOLLARS)!!Households!!With earnings,INCOME IN THE PAST 12 MONTHS (IN 2022 INFLATION-ADJUSTED DOLLARS)!!Households!!With earnings!!Mean earnings (dollars),INCOME IN THE PAST 12 MONTHS (IN 2022 INFLATION-ADJUSTED DOLLARS)!!Households!!With Social Security income,INCOME IN THE PAST 12 MONTHS (IN 2022 INFLATION-ADJUSTED DOLLARS)!!Households!!With Social Security income!!Mean Social Security income (dollars),INCOME IN THE PAST 12 MONTHS (IN 2022 INFLATION-ADJUSTED DOLLARS)!!Households!!With Supplemental Security Income,INCOME IN THE PAST 12 MONTHS (IN 2022 INFLATION-ADJUSTED DOLLARS)!!Households!!With Supplemental Security Income!!Mean Supplemental Security Income (dollars),INCOME IN THE PAST 12 MONTHS (IN 2022 INFLATION-ADJUSTED DOLLARS)!!Households!!With cash public assistance income,INCOME IN THE PAST 12 MONTHS (IN 2022 INFLATION-ADJUSTED DOLLARS)!!Households!!With cash public assistance income!!Mean cash public assistance income (dollars),INCOME IN THE PAST 12 MONTHS (IN 2022 INFLATION-ADJUSTED DOLLARS)!!Households!!With retirement income,INCOME IN THE PAST 12 MONTHS (IN 2022 INFLATION-ADJUSTED DOLLARS)!!Households!!With retirement income!!Mean retirement income (dollars),INCOME IN THE PAST 12 MONTHS (IN 2022 INFLATION-ADJUSTED DOLLARS)!!Households!!With Food Stamp/SNAP benefits,INCOME IN THE PAST 12 MONTHS (IN 2022 INFLATION-ADJUSTED DOLLARS)!!Individuals,INCOME IN THE PAST 12 MONTHS (IN 2022 INFLATION-ADJUSTED DOLLARS)!!Individuals!!Per capita income (dollars),"INCOME IN THE PAST 12 MONTHS (IN 2022 INFLATION-ADJUSTED DOLLARS)!!Individuals!!With earnings for full-time, year-round workers:!!Male","INCOME IN THE PAST 12 MONTHS (IN 2022 INFLATION-ADJUSTED DOLLARS)!!Individuals!!With earnings for full-time, year-round workers:!!Female","INCOME IN THE PAST 12 MONTHS (IN 2022 INFLATION-ADJUSTED DOLLARS)!!Individuals!!Median earnings (dollars) full-time, year-round workers:!!Male","INCOME IN THE PAST 12 MONTHS (IN 2022 INFLATION-ADJUSTED DOLLARS)!!Individuals!!Median earnings (dollars) full-time, year-round workers:!!Female",HEALTH INSURANCE COVERAGE!!Civilian noninstitutionalized population,HEALTH INSURANCE COVERAGE!!Civilian noninstitutionalized population!!With private health insurance,HEALTH INSURANCE COVERAGE!!Civilian noninstitutionalized population!!With public coverage,HEALTH INSURANCE COVERAGE!!Civilian noninstitutionalized population!!No health insurance coverage,POVERTY RATES FOR FAMILIES AND PEOPLE FOR WHOM POVERTY STATUS IS DETERMINED!!All people!!18 years and over,VEHICLES AVAILABLE!!Occupied housing units,VEHICLES AVAILABLE!!Occupied housing units!!None,VEHICLES AVAILABLE!!Occupied housing units!!1 or more,SELECTED MONTHLY OWNER COSTS AS A PERCENTAGE OF HOUSEHOLD INCOME IN THE PAST 12 MONTHS!!Housing units with a mortgage (excluding units where SMOC cannot be computed),SELECTED MONTHLY OWNER COSTS AS A PERCENTAGE OF HOUSEHOLD INCOME IN THE PAST 12 MONTHS!!Housing units with a mortgage (excluding units where SMOC cannot be computed)!!Less than 30 percent,SELECTED MONTHLY OWNER COSTS AS A PERCENTAGE OF HOUSEHOLD INCOME IN THE PAST 12 MONTHS!!Housing units with a mortgage (excluding units where SMOC cannot be computed)!!30 percent or more
Alabama,Estimate,"5,074,296",48.50%,51.50%,78.10%,47.80%,52.20%,"3,474,924",88.80%,87.30%,90.20%,"3,946,788",7.70%,"4,093,740",58.60%,58.20%,55.70%,2.50%,4.30%,0.40%,41.40%,"2,259,733",80.50%,7.90%,0.30%,1.20%,1.20%,8.90%,25.4,"2,016,448","59,674",72.60%,"86,749",35.10%,"21,488",6.60%,"10,526",1.60%,"3,324",26.10%,"27,985",14.10%,"5,074,296","33,777","964,406","759,240","55,721","41,951","4,988,625",67.00%,38.40%,8.80%,14.60%,"2,016,448",5.20%,94.80%,"768,014",77.00%,23.00%
Alaska,Estimate,"733,583",52.60%,47.40%,76.00%,53.10%,46.90%,"489,218",93.30%,93.30%,93.30%,"533,430",10.10%,"575,934",67.00%,62.80%,59.90%,2.90%,4.60%,4.20%,33.00%,"359,628",64.20%,12.30%,1.20%,7.30%,5.50%,9.50%,19.4,"274,574","88,121",81.30%,"106,785",24.90%,"20,601",3.80%,"10,502",6.20%,"4,234",22.90%,"42,102",10.90%,"733,583","43,054","152,785","102,939","66,109","57,087","701,511",66.40%,37.20%,11.00%,10.10%,"274,574",9.10%,90.90%,"110,040",70.90%,29.10%
Arizona,Estimate,"7,359,197",50.00%,50.00%,78.40%,49.70%,50.30%,"5,053,656",89.20%,88.90%,89.40%,"5,747,509",7.90%,"5,961,733",60.70%,60.30%,57.70%,2.60%,4.30%,0.40%,39.30%,"3,402,927",66.10%,9.80%,0.80%,1.70%,2.40%,19.20%,24.9,"2,850,377","74,568",75.20%,"102,494",33.40%,"23,704",4.00%,"10,678",1.90%,"3,724",26.70%,"31,251",10.30%,"7,359,197","39,819","1,478,889","1,080,442","57,628","50,126","7,251,924",63.90%,38.30%,10.30%,11.50%,"2,850,377",5.10%,94.90%,"1,180,749",73.70%,26.30%
Arkansas,Estimate,"3,045,637",49.40%,50.60%,77.20%,48.80%,51.20%,"2,057,624",89.10%,88.10%,90.10%,"2,343,534",7.60%,"2,430,600",57.80%,57.50%,54.90%,2.60%,4.50%,0.30%,42.20%,"1,319,868",79.80%,8.30%,0.30%,1.50%,1.30%,8.80%,22.4,"1,216,207","55,432",71.90%,"81,483",34.90%,"20,900",6.30%,"11,009",1.90%,"3,402",23.70%,"23,978",10.30%,"3,045,637","31,380","574,221","438,576","51,246","41,123","2,991,199",60.00%,45.00%,8.40%,15.20%,"1,216,207",6.50%,93.50%,"424,171",77.30%,22.70%
California,Estimate,"39,029,342",50.10%,49.90%,78.20%,49.70%,50.30%,"26,866,773",84.70%,84.20%,85.20%,"30,360,219",4.30%,"31,552,708",63.90%,63.40%,60.00%,3.40%,5.30%,0.50%,36.10%,"18,612,464",65.50%,9.80%,2.70%,2.40%,2.40%,17.20%,28.3,"13,550,586","91,551",80.60%,"132,782",28.10%,"21,919",5.70%,"10,839",3.80%,"5,229",21.50%,"38,243",12.70%,"39,029,342","46,661","7,845,113","5,607,949","66,916","59,420","38,548,670",63.80%,40.00%,6.50%,11.30%,"13,550,586",6.90%,93.10%,"5,044,333",62.20%,37.80%
Colorado,Estimate,"5,839,926",50.70%,49.30%,79.30%,50.60%,49.40%,"4,084,004",93.00%,92.70%,93.40%,"4,584,244",7.40%,"4,776,317",68.90%,67.90%,65.60%,2.40%,3.50%,0.90%,31.10%,"3,122,003",64.70%,7.90%,1.60%,2.50%,2.10%,21.20%,25,"2,384,584","89,302",81.70%,"119,085",25.50%,"22,784",3.10%,"10,798",2.20%,"4,580",21.90%,"35,459",8.50%,"5,839,926","49,071","1,336,345","961,857","70,519","56,823","5,742,363",70.50%,33.30%,7.10%,9.00%,"2,384,584",5.00%,95.00%,"1,089,369",70.60%,29.40%
Connecticut,Estimate,"3,626,205",49.00%,51.00%,79.90%,48.40%,51.60%,"2,545,188",91.50%,90.70%,92.30%,"2,888,535",4.60%,"2,986,455",65.70%,65.40%,62.30%,3.10%,4.70%,0.20%,34.30%,"1,827,542",69.00%,7.70%,3.30%,2.70%,1.50%,15.90%,26.8,"1,433,635","88,429",77.70%,"132,157",31.70%,"23,854",4.60%,"10,576",2.60%,"4,613",25.90%,"33,737",12.00%,"3,626,205","51,581","743,369","575,194","75,047","63,794","3,582,236",68.90%,37.60%,5.20%,9.20%,"1,433,635",9.00%,91.00%,"610,624",70.20%,29.80%
Delaware,Estimate,"1,018,396",48.60%,51.40%,79.60%,48.00%,52.00%,"724,041",92.00%,90.30%,93.50%,"807,026",7.30%,"835,365",62.70%,62.40%,59.70%,2.70%,4.30%,0.40%,37.30%,"491,770",72.80%,7.10%,1.40%,2.10%,1.50%,15.10%,26.1,"402,334","82,174",74.00%,"104,569",36.10%,"25,040",4.40%,"12,039",2.10%,"2,583",32.70%,"36,449",10.90%,"1,018,396","42,571","198,566","173,962","63,310","51,912","1,005,551",71.80%,39.50%,5.60%,8.50%,"402,334",5.90%,94.10%,"187,123",75.80%,24.20%
Florida,Estimate,"22,244,823",49.20%,50.80%,80.70%,48.80%,51.20%,"16,104,410",89.90%,89.20%,90.60%,"17,868,472",7.40%,"18,459,053",59.60%,59.20%,56.80%,2.40%,4.00%,0.40%,40.40%,"10,375,718",69.70%,9.00%,1.20%,1.40%,2.30%,16.40%,28,"8,826,394","69,303",73.40%,"99,759",36.40%,"22,956",5.00%,"10,357",2.10%,"3,041",25.60%,"33,284",12.30%,"22,244,823","40,278","4,374,674","3,428,527","54,157","45,855","21,904,247",63.60%,37.50%,11.20%,11.60%,"8,826,394",6.00%,94.00%,"3,315,723",65.80%,34.20%
Georgia,Estimate,"10,912,876",48.80%,51.20%,77.00%,48.10%,51.90%,"7,332,980",89.50%,88.60%,90.40%,"8,347,433",7.30%,"8,708,310",63.90%,63.20%,60.60%,2.60%,4.20%,0.70%,36.10%,"5,214,843",70.50%,9.00%,1.10%,1.30%,1.80%,16.30%,28.2,"4,092,467","72,837",79.50%,"101,642",29.30%,"21,670",5.10%,"10,304",1.70%,"3,549",22.80%,"29,625",13.20%,"10,912,876","38,378","2,196,252","1,800,677","58,853","48,397","10,718,050",66.60%,33.00%,11.70%,11.50%,"4,092,467",5.70%,94.30%,"1,705,941",75.00%,25.00%
Hawaii,Estimate,"1,440,196",50.40%,49.60%,79.40%,50.00%,50.00%,"1,023,843",92.90%,93.00%,92.80%,"1,097,072",8.20%,"1,175,667",63.50%,59.50%,57.40%,2.20%,3.60%,3.90%,36.50%,"698,891",64.10%,15.00%,3.50%,4.50%,3.40%,9.50%,26.1,"494,827","92,458",77.90%,"115,107",37.40%,"23,296",4.70%,"11,081",4.20%,"6,149",30.40%,"38,946",11.70%,"1,440,196","42,710","294,761","225,999","62,824","52,164","1,383,700",75.00%,39.40%,3.50%,9.50%,"494,827",8.10%,91.90%,"192,102",58.20%,41.80%
Idaho,Estimate,"1,939,033",50.40%,49.60%,76.00%,50.10%,49.90%,"1,280,178",92.00%,91.20%,92.80%,"1,468,603",7.90%,"1,530,729",62.40%,62.00%,60.20%,1.80%,3.00%,0.40%,37.60%,"911,559",72.40%,8.80%,0.60%,2.90%,2.10%,13.10%,22.1,"717,151","72,785",77.20%,"92,606",32.80%,"23,406",4.80%,"11,015",2.70%,"2,750",25.40%,"29,393",7.30%,"1,939,033","35,980","383,120","255,122","56,040","42,715","1,911,951",68.30%,37.20%,8.20%,9.90%,"717,151",3.80%,96.20%,"324,332",72.50%,27.50%
Illinois,Estimate,"12,582,032",49.50%,50.50%,78.40%,49.00%,51.00%,"8,692,839",90.40%,89.50%,91.30%,"9,845,693",4.80%,"10,199,598",65.00%,64.80%,61.70%,3.10%,4.80%,0.20%,35.00%,"6,191,766",66.10%,7.90%,5.60%,2.60%,2.00%,15.80%,27.9,"5,056,360","76,708",77.60%,"110,194",29.30%,"22,298",4.80%,"10,588",2.60%,"3,675",23.80%,"34,633",14.60%,"12,582,032","43,317","2,584,152","2,004,212","65,710","53,150","12,413,406",69.30%,35.80%,6.60%,10.90%,"5,056,360",11.20%,88.80%,"2,065,838",73.10%,26.90%
Indiana,Estimate,"6,833,037",49.70%,50.30%,77.00%,49.10%,50.90%,"4,584,460",90.20%,89.40%,91.00%,"5,259,577",6.20%,"5,456,066",63.90%,63.80%,61.50%,2.30%,3.60%,0.10%,36.10%,"3,288,291",75.70%,9.70%,0.70%,1.90%,1.50%,10.50%,24.1,"2,726,489","66,785",77.50%,"91,471",31.10%,"22,983",4.90%,"11,409",1.80%,"2,885",24.70%,"23,365",9.20%,"6,833,037","35,984","1,401,089","1,015,810","59,860","46,239","6,737,570",68.40%,36.80%,7.00%,11.60%,"2,726,489",6.40%,93.60%,"1,220,587",79.70%,20.30%
Iowa,Estimate,"3,200,517",50.20%,49.80%,77.60%,49.90%,50.10%,"2,159,511",93.50%,92.70%,94.20%,"2,479,776",6.40%,"2,570,925",66.60%,66.50%,64.50%,2.00%,2.90%,0.20%,33.40%,"1,630,985",76.10%,8.00%,0.80%,2.90%,1.30%,11.00%,19.7,"1,330,995","69,588",77.80%,"93,050",31.50%,"22,839",4.10%,"10,848",1.60%,"2,904",24.20%,"26,890",8.50%,"3,200,517","38,917","684,142","511,554","59,736","48,239","3,153,337",73.30%,36.80%,4.50%,10.60%,"1,330,995",5.60%,94.40%,"567,684",79.70%,20.30%
Kansas,Estimate,"2,937,150",50.20%,49.80%,76.60%,49.80%,50.20%,"1,944,891",92.10%,91.50%,92.70%,"2,229,196",6.90%,"2,330,842",65.70%,64.80%,62.50%,2.40%,3.60%,0.80%,34.30%,"1,452,153",75.30%,8.30%,0.50%,2.20%,1.60%,12.10%,19.6,"1,175,294","68,925",78.70%,"93,227",30.60%,"23,207",4.20%,"10,771",1.40%,"3,535",23.80%,"26,273",7.00%,"2,937,150","37,919","638,488","464,373","58,298","45,626","2,876,222",73.70%,31.20%,8.60%,11.50%,"1,175,294",5.40%,94.60%,"455,414",77.30%,22.70%
Kentucky,Estimate,"4,512,310",49.50%,50.50%,77.70%,49.00%,51.00%,"3,091,499",89.00%,87.90%,90.10%,"3,491,282",6.70%,"3,626,511",59.90%,59.40%,56.80%,2.60%,4.30%,0.40%,40.10%,"2,034,699",76.00%,9.90%,0.50%,1.90%,1.40%,10.50%,24.1,"1,828,680","59,341",73.20%,"85,949",34.60%,"20,703",7.00%,"10,713",1.60%,"3,385",25.60%,"26,448",12.80%,"4,512,310","33,980","856,792","662,659","54,770","43,557","4,428,274",62.80%,45.20%,5.60%,15.20%,"1,828,680",6.40%,93.60%,"709,096",77.10%,22.90%
Louisiana,Estimate,"4,590,241",49.00%,51.00%,76.90%,48.30%,51.70%,"3,096,121",87.30%,85.40%,89.00%,"3,512,958",6.00%,"3,656,541",59.40%,58.90%,55.70%,3.20%,5.40%,0.50%,40.60%,"2,019,287",78.50%,8.50%,0.80%,2.10%,1.90%,8.20%,25.6,"1,816,902","55,416",73.90%,"83,446",32.10%,"19,247",7.50%,"10,521",1.70%,"2,991",22.00%,"26,872",18.40%,"4,590,241","32,171","826,593","695,029","55,971","41,923","4,494,008",58.10%,47.70%,6.90%,16.70%,"1,816,902",8.20%,91.80%,"630,584",71.70%,28.30%
Maine,Estimate,"1,385,340",49.40%,50.60%,82.30%,49.00%,51.00%,"1,030,141",94.60%,93.40%,95.80%,"1,137,800",9.00%,"1,170,061",61.70%,61.50%,59.50%,2.00%,3.30%,0.20%,38.30%,"682,588",70.00%,8.20%,0.50%,3.80%,1.90%,15.70%,24.7,"605,338","69,543",73.00%,"94,927",36.30%,"22,275",5.50%,"10,724",2.50%,"3,758",27.70%,"30,046",11.30%,"1,385,340","41,188","273,644","218,252","59,194","49,824","1,368,026",68.70%,40.50%,6.60%,10.60%,"605,338",6.80%,93.20%,"262,894",70.50%,29.50%
Maryland,Estimate,"6,164,660",48.70%,51.30%,78.20%,48.00%,52.00%,"4,286,216",91.40%,90.60%,92.20%,"4,784,718",6.80%,"4,974,349",67.00%,66.30%,63.70%,2.60%,4.00%,0.70%,33.00%,"3,143,183",65.10%,7.90%,4.00%,1.80%,2.00%,19.20%,30.8,"2,375,984","94,991",80.50%,"126,644",28.70%,"22,585",4.40%,"10,788",2.50%,"3,629",26.20%,"40,323",12.00%,"6,164,660","49,236","1,320,643","1,111,806","74,663","63,733","6,073,039",72.80%,35.20%,6.10%,9.10%,"2,375,984",8.70%,91.30%,"1,137,581",73.60%,26.40%
Massachusetts,Estimate,"6,981,974",49.00%,51.00%,80.90%,48.40%,51.60%,"4,947,384",91.30%,90.70%,91.90%,"5,640,911",4.30%,"5,805,465",66.80%,66.70%,64.00%,2.70%,4.10%,0.10%,33.20%,"3,637,091",61.50%,7.10%,6.20%,4.00%,2.70%,18.40%,28.6,"2,797,776","94,488",78.60%,"140,039",29.50%,"22,453",5.60%,"10,638",3.30%,"4,615",23.00%,"35,113",15.40%,"6,981,974","54,025","1,468,476","1,154,307","79,782","67,043","6,919,123",73.40%,37.80%,2.40%,10.10%,"2,797,776",11.80%,88.20%,"1,136,176",69.70%,30.30%
Michigan,Estimate,"10,034,118",49.60%,50.40%,79.00%,49.20%,50.80%,"6,978,952",91.80%,91.20%,92.50%,"7,923,161",5.80%,"8,179,427",61.60%,61.50%,58.70%,2.90%,4.60%,0.10%,38.40%,"4,706,068",74.00%,7.90%,0.80%,2.00%,1.60%,13.70%,24.2,"4,089,794","66,986",74.20%,"94,540",34.60%,"23,068",5.60%,"11,164",2.50%,"3,460",27.90%,"26,950",13.60%,"10,034,118","38,151","1,938,740","1,436,983","61,623","49,665","9,929,781",70.40%,41.00%,4.50%,12.10%,"4,089,794",6.90%,93.10%,"1,724,683",76.00%,24.00%
Minnesota,Estimate,"5,717,184",50.20%,49.80%,77.50%,49.90%,50.10%,"3,918,565",94.00%,93.90%,94.20%,"4,425,541",6.00%,"4,579,443",68.00%,67.90%,65.70%,2.20%,3.20%,0.10%,32.00%,"2,959,902",69.30%,7.70%,1.60%,2.60%,1.70%,17.20%,22.8,"2,322,190","82,338",78.60%,"112,459",29.60%,"23,991",4.00%,"11,169",3.20%,"3,636",24.20%,"29,211",7.70%,"5,717,184","45,021","1,210,939","904,758","67,184","55,984","5,657,569",74.70%,35.30%,4.50%,9.30%,"2,322,190",6.80%,93.20%,"1,072,513",76.30%,23.70%
Mississippi,Estimate,"2,940,057",48.50%,51.50%,77.00%,47.80%,52.20%,"1,963,322",87.60%,85.40%,89.60%,"2,248,988",6.50%,"2,341,292",57.10%,56.50%,53.70%,2.80%,4.90%,0.60%,42.90%,"1,250,771",81.90%,9.60%,0.30%,1.50%,1.20%,5.50%,25.5,"1,148,340","52,719",72.50%,"76,198",35.30%,"19,912",8.50%,"10,631",1.90%,"2,691",22.70%,"24,506",13.70%,"2,940,057","29,045","520,349","447,136","51,041","39,245","2,872,112",61.50%,40.10%,10.80%,16.90%,"1,148,340",5.90%,94.10%,"397,659",73.10%,26.90%
Missouri,Estimate,"6,177,957",49.30%,50.70%,77.90%,48.80%,51.20%,"4,236,010",91.60%,90.80%,92.20%,"4,792,311",7.10%,"4,974,792",62.80%,62.40%,60.10%,2.30%,3.70%,0.50%,37.20%,"2,955,341",75.40%,7.90%,0.80%,1.60%,1.30%,12.90%,23.7,"2,521,832","64,811",75.80%,"91,317",32.60%,"21,633",5.50%,"10,530",1.70%,"3,199",25.80%,"26,160",10.00%,"6,177,957","36,640","1,232,690","988,486","56,844","44,882","6,071,333",68.80%,34.30%,8.60%,12.10%,"2,521,832",6.80%,93.20%,"1,019,748",78.20%,21.80%
Montana,Estimate,"1,122,867",50.50%,49.50%,79.10%,50.30%,49.70%,"785,438",94.00%,93.20%,94.90%,"883,831",8.90%,"916,289",63.50%,63.00%,61.10%,1.90%,3.00%,0.50%,36.50%,"551,763",69.40%,10.90%,0.50%,4.40%,2.30%,12.60%,19,"464,072","67,631",75.70%,"90,381",34.40%,"21,381",4.00%,"11,116",2.00%,"3,743",24.50%,"27,963",7.50%,"1,122,867","38,329","224,539","166,736","54,987","44,550","1,104,997",65.20%,40.60%,8.30%,11.80%,"464,072",4.20%,95.80%,"172,843",71.20%,28.80%
Nebraska,Estimate,"1,967,923",50.20%,49.80%,75.90%,49.90%,50.10%,"1,300,094",92.80%,92.00%,93.60%,"1,486,032",7.10%,"1,547,790",68.30%,67.80%,66.20%,1.60%,2.30%,0.50%,31.70%,"1,015,841",76.50%,8.70%,0.40%,2.30%,1.30%,10.80%,18.8,"803,157","69,597",79.90%,"95,443",29.00%,"22,897",3.90%,"11,221",2.20%,"3,117",21.10%,"26,144",8.50%,"1,967,923","38,997","432,649","319,977","59,056","48,279","1,939,912",73.60%,32.30%,6.70%,10.40%,"803,157",5.20%,94.80%,"313,450",77.60%,22.40%
Nevada,Estimate,"3,177,772",50.30%,49.70%,78.30%,50.20%,49.80%,"2,223,852",87.40%,86.90%,87.90%,"2,473,493",8.30%,"2,572,023",63.30%,62.70%,59.30%,3.40%,5.50%,0.60%,36.70%,"1,506,293",70.00%,11.20%,2.20%,1.40%,3.00%,12.20%,24.5,"1,198,356","72,333",77.30%,"97,079",31.20%,"21,342",4.70%,"11,287",3.00%,"3,758",24.30%,"33,150",13.40%,"3,177,772","38,183","636,702","480,066","53,821","46,691","3,139,304",63.40%,36.90%,11.10%,11.40%,"1,198,356",7.00%,93.00%,"473,798",69.00%,31.00%
New Hampshire,Estimate,"1,395,231",49.90%,50.10%,82.00%,49.70%,50.30%,"1,024,780",94.50%,93.60%,95.50%,"1,141,912",7.70%,"1,177,400",65.80%,65.70%,64.00%,1.70%,2.50%,0.10%,34.20%,"737,801",71.10%,7.90%,0.30%,2.10%,1.40%,17.30%,26.7,"557,220","89,992",78.30%,"121,217",35.20%,"23,895",3.80%,"12,131",2.20%,"3,310",27.40%,"30,664",6.50%,"1,395,231","49,281","311,082","235,907","73,072","55,028","1,379,160",75.60%,33.50%,4.90%,7.30%,"557,220",4.30%,95.70%,"246,059",71.30%,28.70%
New Jersey,Estimate,"9,261,699",49.30%,50.70%,78.50%,48.80%,51.20%,"6,482,223",90.70%,90.30%,91.10%,"7,257,185",3.90%,"7,510,983",66.20%,66.00%,62.70%,3.30%,5.00%,0.20%,33.80%,"4,614,699",61.50%,8.30%,8.00%,3.00%,2.50%,16.70%,30.3,"3,516,978","96,346",79.50%,"138,148",31.70%,"24,070",4.90%,"10,769",2.60%,"5,065",25.00%,"35,291",9.60%,"9,261,699","51,272","1,959,666","1,486,104","75,939","63,224","9,168,124",71.20%,33.60%,6.80%,8.80%,"3,516,978",10.90%,89.10%,"1,433,834",68.40%,31.60%
New Mexico,Estimate,"2,113,344",49.60%,50.40%,78.40%,49.30%,50.70%,"1,453,129",88.00%,87.00%,89.00%,"1,641,308",8.30%,"1,710,459",58.50%,57.50%,54.80%,2.80%,4.80%,1.00%,41.50%,"937,793",73.30%,10.10%,0.70%,2.20%,1.80%,12.00%,23.7,"848,218","59,726",72.80%,"82,018",35.10%,"20,615",5.80%,"10,404",3.60%,"2,993",26.40%,"32,993",19.40%,"2,113,344","33,916","379,861","297,417","53,356","45,623","2,074,351",54.40%,51.20%,8.20%,16.00%,"848,218",5.20%,94.80%,"319,989",70.50%,29.50%
New York,Estimate,"19,677,151",48.90%,51.10%,79.80%,48.30%,51.70%,"13,892,241",87.90%,87.30%,88.50%,"15,668,604",3.70%,"16,154,241",62.80%,62.60%,59.40%,3.20%,5.10%,0.20%,37.20%,"9,399,890",49.00%,6.50%,21.50%,5.60%,2.90%,14.50%,33,"7,774,308","79,557",76.70%,"125,193",32.00%,"22,138",6.10%,"10,252",4.00%,"3,900",24.50%,"33,890",16.30%,"19,677,151","47,421","3,780,567","3,097,304","69,350","60,899","19,475,046",65.40%,42.90%,4.90%,13.10%,"7,774,308",29.10%,70.90%,"2,438,822",66.70%,33.30%
North Carolina,Estimate,"10,698,973",48.90%,51.10%,78.60%,48.30%,51.70%,"7,372,120",90.20%,88.80%,91.40%,"8,294,906",7.50%,"8,671,939",62.80%,61.50%,59.20%,2.30%,3.80%,1.30%,37.20%,"5,130,773",71.20%,8.50%,0.50%,1.60%,1.40%,16.80%,25.1,"4,299,266","67,481",76.70%,"96,470",31.80%,"22,539",4.70%,"10,492",1.60%,"3,315",24.50%,"28,316",13.40%,"10,698,973","38,701","2,175,288","1,711,122","55,156","47,092","10,480,843",67.80%,35.90%,9.30%,11.50%,"4,299,266",5.00%,95.00%,"1,770,630",76.30%,23.70%
North Dakota,Estimate,"779,261",51.20%,48.80%,76.80%,51.00%,49.00%,"514,786",93.90%,93.50%,94.20%,"591,739",6.60%,"617,710",68.70%,67.60%,66.10%,1.50%,2.20%,1.10%,31.30%,"409,836",78.80%,8.80%,0.30%,3.40%,1.10%,7.60%,18.3,"331,481","71,970",81.30%,"94,991",27.50%,"21,262",3.30%,"10,404",1.90%,"4,442",19.40%,"27,058",6.30%,"779,261","41,800","175,780","124,089","61,786","47,704","762,522",78.40%,29.50%,6.40%,11.10%,"331,481",5.30%,94.70%,"115,609",77.60%,22.40%
Ohio,Estimate,"11,756,058",49.40%,50.60%,78.20%,48.90%,51.10%,"8,130,929",91.80%,91.10%,92.40%,"9,182,999",6.60%,"9,506,533",63.10%,63.00%,60.60%,2.30%,3.70%,0.20%,36.90%,"5,660,462",74.80%,7.80%,1.00%,1.90%,1.50%,13.00%,23.5,"4,878,206","65,720",75.50%,"93,217",31.70%,"21,255",5.50%,"10,662",2.10%,"3,389",26.10%,"28,499",12.60%,"11,756,058","37,932","2,357,495","1,803,934","60,600","48,971","11,587,715",68.10%,38.80%,5.90%,12.20%,"4,878,206",7.20%,92.80%,"1,977,558",79.30%,20.70%
Oklahoma,Estimate,"4,019,800",49.90%,50.10%,76.30%,49.40%,50.60%,"2,661,141",89.60%,88.80%,90.30%,"3,041,874",8.00%,"3,178,852",61.00%,60.30%,57.80%,2.50%,4.20%,0.80%,39.00%,"1,829,211",77.80%,9.40%,0.30%,1.70%,1.40%,9.40%,22.7,"1,573,180","59,673",76.30%,"83,203",31.50%,"21,518",5.40%,"11,078",2.80%,"2,205",21.90%,"26,993",14.90%,"4,019,800","32,930","787,956","593,440","52,833","42,012","3,930,259",61.70%,39.60%,11.70%,14.40%,"1,573,180",5.50%,94.50%,"549,866",75.20%,24.80%
Oregon,Estimate,"4,240,137",50.00%,50.00%,80.40%,49.60%,50.40%,"3,043,930",91.60%,90.80%,92.50%,"3,404,612",7.40%,"3,509,464",62.40%,62.40%,59.70%,2.70%,4.30%,0.10%,37.60%,"2,055,100",64.10%,8.60%,2.10%,3.60%,2.60%,19.00%,22.8,"1,726,340","75,657",75.60%,"103,996",32.80%,"23,327",4.80%,"11,318",3.60%,"4,312",25.50%,"32,056",16.10%,"4,240,137","42,474","819,485","602,566","62,349","53,693","4,199,471",67.10%,41.20%,6.00%,11.70%,"1,726,340",7.20%,92.80%,"704,150",68.10%,31.90%
Pennsylvania,Estimate,"12,972,008",49.30%,50.70%,79.80%,48.90%,51.10%,"9,151,744",92.20%,91.80%,92.50%,"10,341,435",6.20%,"10,660,341",62.80%,62.80%,60.10%,2.70%,4.30%,0.10%,37.20%,"6,283,929",68.80%,7.50%,3.40%,3.20%,2.00%,15.20%,26.4,"5,294,065","71,798",75.00%,"103,792",35.00%,"22,575",5.60%,"10,840",3.30%,"3,092",27.40%,"27,849",14.40%,"12,972,008","41,489","2,635,037","2,015,147","63,487","52,070","12,789,843",71.20%,38.80%,5.30%,10.90%,"5,294,065",10.50%,89.50%,"2,114,599",75.80%,24.20%
Rhode Island,Estimate,"1,093,734",49.00%,51.00%,81.40%,48.60%,51.40%,"778,191",90.50%,90.00%,90.90%,"886,459",5.30%,"916,019",64.60%,64.10%,61.20%,2.90%,4.50%,0.50%,35.40%,"550,424",72.40%,7.70%,1.40%,2.90%,2.10%,13.40%,25.4,"446,688","81,854",75.30%,"112,550",34.10%,"21,658",6.40%,"10,277",3.50%,"3,103",25.10%,"32,035",13.80%,"1,093,734","44,538","221,739","185,683","68,361","56,549","1,076,902",70.50%,37.90%,4.20%,10.60%,"446,688",9.80%,90.20%,"185,919",71.50%,28.50%
South Carolina,Estimate,"5,282,634",48.60%,51.40%,78.90%,48.00%,52.00%,"3,664,922",90.50%,89.60%,91.30%,"4,123,703",8.40%,"4,294,594",60.70%,59.70%,57.10%,2.60%,4.40%,1.00%,39.30%,"2,448,303",76.40%,8.50%,0.40%,1.60%,1.70%,11.40%,25.6,"2,136,080","64,115",74.80%,"89,441",35.10%,"22,938",5.00%,"10,606",1.30%,"3,587",26.70%,"28,612",10.90%,"5,282,634","36,675","1,013,100","808,609","55,157","43,614","5,185,489",66.90%,38.70%,9.10%,12.50%,"2,136,080",5.40%,94.60%,"882,309",74.80%,25.20%
South Dakota,Estimate,"909,824",50.80%,49.20%,75.90%,50.70%,49.30%,"605,735",93.20%,92.30%,94.10%,"685,391",8.30%,"716,965",66.90%,66.20%,64.30%,1.90%,2.80%,0.80%,33.10%,"459,739",78.50%,7.10%,0.50%,2.50%,1.40%,9.90%,18.2,"368,300","69,728",78.90%,"89,048",31.60%,"21,368",3.50%,"10,363",1.90%,"3,359",22.90%,"25,887",7.80%,"909,824","37,618","202,317","144,275","56,091","45,067","888,485",73.30%,32.00%,8.10%,11.60%,"368,300",5.00%,95.00%,"137,709",77.90%,22.10%
Tennessee,Estimate,"7,051,339",49.10%,50.90%,78.20%,48.50%,51.50%,"4,868,110",90.40%,89.40%,91.30%,"5,493,170",7.20%,"5,699,603",62.40%,62.00%,59.90%,2.10%,3.40%,0.40%,37.60%,"3,362,498",75.00%,8.60%,0.40%,1.20%,1.50%,13.30%,25.5,"2,846,684","65,254",77.00%,"91,505",31.80%,"22,477",5.40%,"11,028",1.80%,"3,708",23.80%,"26,804",11.10%,"7,051,339","36,704","1,429,965","1,121,549","55,145","45,021","6,951,491",67.20%,35.90%,9.30%,12.10%,"2,846,684",5.10%,94.90%,"1,095,432",74.90%,25.10%
Texas,Estimate,"30,029,572",50.00%,50.00%,75.20%,49.70%,50.30%,"19,597,383",86.10%,85.40%,86.90%,"22,463,810",6.20%,"23,471,441",65.50%,65.00%,62.10%,2.90%,4.40%,0.50%,34.50%,"14,447,795",71.20%,10.00%,0.80%,1.50%,1.90%,14.50%,26.7,"11,087,708","72,284",82.50%,"102,000",25.20%,"21,205",4.40%,"10,185",1.90%,"3,609",18.90%,"30,229",12.00%,"30,029,572","38,123","6,419,723","4,688,476","60,004","48,120","29,539,484",62.80%,29.60%,16.60%,12.30%,"11,087,708",5.40%,94.60%,"3,864,485",70.90%,29.10%
Utah,Estimate,"3,380,800",50.80%,49.20%,72.50%,50.50%,49.50%,"2,042,912",93.00%,92.20%,93.80%,"2,442,122",4.50%,"2,560,844",70.00%,69.70%,67.80%,1.90%,2.70%,0.30%,30.00%,"1,715,465",67.40%,9.90%,1.40%,1.80%,1.50%,18.00%,21.6,"1,129,660","89,168",85.00%,"111,892",23.50%,"24,100",3.50%,"11,285",1.40%,"4,700",20.90%,"32,169",5.20%,"3,380,800","38,514","746,932","433,654","65,278","47,750","3,353,888",78.40%,22.20%,8.10%,8.10%,"1,129,660",3.70%,96.30%,"549,786",76.20%,23.80%
Vermont,Estimate,"647,064",49.60%,50.40%,82.40%,49.20%,50.80%,"467,643",95.00%,94.10%,95.90%,"531,633",6.50%,"548,050",65.00%,64.70%,62.80%,1.80%,2.80%,0.30%,35.00%,"337,728",69.80%,7.30%,0.60%,4.20%,1.50%,16.50%,23.2,"277,090","73,991",76.30%,"95,179",35.40%,"23,546",5.30%,"9,939",3.30%,"3,544",25.90%,"26,397",10.50%,"647,064","42,251","126,140","105,948","61,383","54,933","640,316",70.00%,41.90%,3.90%,10.20%,"277,090",6.00%,94.00%,"125,139",70.10%,29.90%
Virginia,Estimate,"8,683,619",49.50%,50.50%,78.60%,49.00%,51.00%,"5,978,782",91.50%,91.00%,92.10%,"6,681,153",9.20%,"7,041,278",65.30%,63.30%,61.00%,2.30%,3.60%,2.00%,34.70%,"4,350,095",67.90%,8.00%,1.90%,2.20%,1.90%,18.20%,27.1,"3,380,607","85,873",79.10%,"120,131",29.90%,"23,086",4.20%,"10,146",2.20%,"3,428",26.20%,"35,841",9.80%,"8,683,619","47,199","1,884,424","1,459,703","70,551","56,498","8,446,378",73.00%,34.20%,6.50%,10.00%,"3,380,607",6.10%,93.90%,"1,516,532",75.00%,25.00%
Washington,Estimate,"7,785,786",50.50%,49.50%,78.90%,50.20%,49.80%,"5,470,209",92.20%,91.50%,92.80%,"6,075,692",7.70%,"6,328,051",64.70%,63.70%,61.10%,2.60%,4.10%,1.00%,35.30%,"3,843,589",62.90%,8.70%,3.10%,3.10%,1.70%,20.50%,26.3,"3,079,953","91,306",78.80%,"129,587",28.90%,"23,744",4.40%,"10,930",3.30%,"4,766",23.90%,"32,828",11.30%,"7,785,786","50,764","1,661,684","1,141,486","75,587","61,862","7,667,041",70.80%,36.30%,6.10%,9.60%,"3,079,953",6.80%,93.20%,"1,294,678",70.50%,29.50%
West Virginia,Estimate,"1,775,156",49.70%,50.30%,80.20%,49.50%,50.50%,"1,262,566",89.10%,87.80%,90.50%,"1,421,089",7.80%,"1,466,266",52.80%,52.70%,50.20%,2.50%,4.70%,0.20%,47.20%,"726,863",78.30%,8.30%,0.60%,2.40%,1.30%,9.10%,26.9,"736,341","54,329",66.50%,"80,409",40.60%,"21,332",7.60%,"10,704",3.50%,"3,764",29.20%,"25,565",18.20%,"1,775,156","31,922","306,208","242,594","54,993","42,486","1,741,322",61.80%,49.20%,5.90%,16.20%,"736,341",8.00%,92.00%,"258,075",81.30%,18.70%
Wisconsin,Estimate,"5,892,539",50.20%,49.80%,78.90%,49.80%,50.20%,"4,088,500",93.50%,92.50%,94.40%,"4,646,486",6.10%,"4,802,830",65.10%,65.00%,63.20%,1.80%,2.80%,0.10%,34.90%,"2,991,638",73.90%,7.80%,1.10%,2.70%,1.60%,13.00%,22.2,"2,491,121","70,996",76.00%,"96,513",32.20%,"23,279",4.50%,"11,207",2.00%,"3,344",26.40%,"27,551",11.70%,"5,892,539","40,188","1,241,897","936,639","61,280","49,582","5,831,451",73.30%,35.70%,5.20%,10.20%,"2,491,121",6.50%,93.50%,"1,031,942",76.50%,23.50%
Wyoming,Estimate,"581,381",51.20%,48.80%,77.70%,51.00%,49.00%,"399,796",93.70%,93.30%,94.20%,"447,769",9.40%,"465,883",65.80%,64.90%,62.50%,2.40%,3.80%,0.90%,34.20%,"287,194",76.20%,8.20%,1.00%,3.50%,2.00%,9.10%,18,"243,321","70,042",77.20%,"88,486",32.50%,"22,305",3.80%,"11,160",1.70%,"4,237",25.50%,"27,705",5.60%,"581,381","38,114","126,510","86,292","60,412","47,938","570,764",71.00%,31.20%,11.50%,11.10%,"243,321",4.10%,95.90%,"101,037",73.70%,26.30%
